,Title,Location,Name_1,Party_1,Votes_1,Name_2,Party_2,Votes_2,Votes_total,Pct_1,Pct_2,Margin
0,Spokane,Spokane 3100,Lisa Brown,None,114,Nadine Woodward,None,80,194,58.8,41.2,17.6
1,Spokane,Spokane 3101,Lisa Brown,None,71,Nadine Woodward,None,79,150,47.3,52.7,-5.4
2,Spokane,Spokane 3102,Lisa Brown,None,178,Nadine Woodward,None,160,338,52.7,47.3,5.4
3,Spokane,Spokane 3103,Lisa Brown,None,127,Nadine Woodward,None,138,265,47.9,52.1,-4.2
4,Spokane,Spokane 3104,Lisa Brown,None,93,Nadine Woodward,None,111,204,45.6,54.4,-8.8
5,Spokane,Spokane 3105,Lisa Brown,None,20,Nadine Woodward,None,28,48,41.7,58.3,-16.6
6,Spokane,Spokane 3106,Lisa Brown,None,105,Nadine Woodward,None,63,168,62.5,37.5,25.0
7,Spokane,Spokane 3107,Lisa Brown,None,73,Nadine Woodward,None,80,153,47.7,52.3,-4.6
8,Spokane,Spokane 3108,Lisa Brown,None,127,Nadine Woodward,None,77,204,62.3,37.7,24.6
9,Spokane,Spokane 3109,Lisa Brown,None,55,Nadine Woodward,None,40,95,57.9,42.1,15.8
10,Spokane,Spokane 3110,Lisa Brown,None,127,Nadine Woodward,None,109,236,53.8,46.2,7.6
11,Spokane,Spokane 3200,Lisa Brown,None,150,Nadine Woodward,None,140,290,51.7,48.3,3.4
12,Spokane,Spokane 3201,Lisa Brown,None,93,Nadine Woodward,None,93,186,50.0,50.0,0.0
13,Spokane,Spokane 3202,Lisa Brown,None,113,Nadine Woodward,None,78,191,59.2,40.8,18.4
14,Spokane,Spokane 3203,Lisa Brown,None,175,Nadine Woodward,None,75,250,70.0,30.0,40.0
15,Spokane,Spokane 3204,Lisa Brown,None,188,Nadine Woodward,None,71,259,72.6,27.4,45.2
16,Spokane,Spokane 3205,Lisa Brown,None,203,Nadine Woodward,None,99,302,67.2,32.8,34.4
17,Spokane,Spokane 3206,Lisa Brown,None,220,Nadine Woodward,None,69,289,76.1,23.9,52.2
18,Spokane,Spokane 3207,Lisa Brown,None,105,Nadine Woodward,None,60,165,63.6,36.4,27.2
19,Spokane,Spokane 3208,Lisa Brown,None,56,Nadine Woodward,None,56,112,50.0,50.0,0.0
20,Spokane,Spokane 3209,Lisa Brown,None,75,Nadine Woodward,None,101,176,42.6,57.4,-14.8
21,Spokane,Spokane 3210,Lisa Brown,None,260,Nadine Woodward,None,96,356,73.0,27.0,46.0
22,Spokane,Spokane 3211,Lisa Brown,None,241,Nadine Woodward,None,88,329,73.3,26.7,46.6
23,Spokane,Spokane 3212,Lisa Brown,None,192,Nadine Woodward,None,104,296,64.9,35.1,29.8
24,Spokane,Spokane 3213,Lisa Brown,None,301,Nadine Woodward,None,130,431,69.8,30.2,39.6
25,Spokane,Spokane 3214,Lisa Brown,None,237,Nadine Woodward,None,132,369,64.2,35.8,28.4
26,Spokane,Spokane 3215,Lisa Brown,None,148,Nadine Woodward,None,70,218,67.9,32.1,35.8
27,Spokane,Spokane 3216,Lisa Brown,None,292,Nadine Woodward,None,180,472,61.9,38.1,23.8
28,Spokane,Spokane 3217,Lisa Brown,None,222,Nadine Woodward,None,183,405,54.8,45.2,9.6
29,Spokane,Spokane 3218,Lisa Brown,None,252,Nadine Woodward,None,149,401,62.8,37.2,25.6
30,Spokane,Spokane 3219,Lisa Brown,None,115,Nadine Woodward,None,62,177,65.0,35.0,30.0
31,Spokane,Spokane 3220,Lisa Brown,None,363,Nadine Woodward,None,265,628,57.8,42.2,15.6
32,Spokane,Spokane 3221,Lisa Brown,None,114,Nadine Woodward,None,101,215,53.0,47.0,6.0
33,Spokane,Spokane 3222,Lisa Brown,None,108,Nadine Woodward,None,107,215,50.2,49.8,0.4
34,Spokane,Spokane 3223,Lisa Brown,None,198,Nadine Woodward,None,59,257,77.0,23.0,54.0
35,Spokane,Spokane 3224,Lisa Brown,None,112,Nadine Woodward,None,103,215,52.1,47.9,4.2
36,Spokane,Spokane 3225,Lisa Brown,None,90,Nadine Woodward,None,112,202,44.6,55.4,-10.8
37,Spokane,Spokane 3226,Lisa Brown,None,95,Nadine Woodward,None,59,154,61.7,38.3,23.4
38,Spokane,Spokane 3227,Lisa Brown,None,181,Nadine Woodward,None,146,327,55.4,44.6,10.8
39,Spokane,Spokane 3228,Lisa Brown,None,183,Nadine Woodward,None,206,389,47.0,53.0,-6.0
40,Spokane,Spokane 3229,Lisa Brown,None,362,Nadine Woodward,None,127,489,74.0,26.0,48.0
41,Spokane,Spokane 3230,Lisa Brown,None,383,Nadine Woodward,None,197,580,66.0,34.0,32.0
42,Spokane,Spokane 3231,Lisa Brown,None,332,Nadine Woodward,None,172,504,65.9,34.1,31.8
43,Spokane,Spokane 3232,Lisa Brown,None,368,Nadine Woodward,None,146,514,71.6,28.4,43.2
44,Spokane,Spokane 3233,Lisa Brown,None,232,Nadine Woodward,None,263,495,46.9,53.1,-6.2
45,Spokane,Spokane 3234,Lisa Brown,None,313,Nadine Woodward,None,122,435,72.0,28.0,44.0
46,Spokane,Spokane 3235,Lisa Brown,None,267,Nadine Woodward,None,145,412,64.8,35.2,29.6
47,Spokane,Spokane 3236,Lisa Brown,None,268,Nadine Woodward,None,244,512,52.3,47.7,4.6
48,Spokane,Spokane 3237,Lisa Brown,None,172,Nadine Woodward,None,146,318,54.1,45.9,8.2
49,Spokane,Spokane 3238,Lisa Brown,None,116,Nadine Woodward,None,104,220,52.7,47.3,5.4
50,Spokane,Spokane 3239,Lisa Brown,None,107,Nadine Woodward,None,95,202,53.0,47.0,6.0
51,Spokane,Spokane 3240,Lisa Brown,None,209,Nadine Woodward,None,128,337,62.0,38.0,24.0
52,Spokane,Spokane 3241,Lisa Brown,None,278,Nadine Woodward,None,173,451,61.6,38.4,23.2
53,Spokane,Spokane 3242,Lisa Brown,None,207,Nadine Woodward,None,152,359,57.7,42.3,15.4
54,Spokane,Spokane 3243,Lisa Brown,None,265,Nadine Woodward,None,173,438,60.5,39.5,21.0
55,Spokane,Spokane 3244,Lisa Brown,None,179,Nadine Woodward,None,220,399,44.9,55.1,-10.2
56,Spokane,Spokane 3245,Lisa Brown,None,192,Nadine Woodward,None,200,392,49.0,51.0,-2.0
57,Spokane,Spokane 3246,Lisa Brown,None,70,Nadine Woodward,None,96,166,42.2,57.8,-15.6
58,Spokane,Spokane 3247,Lisa Brown,None,180,Nadine Woodward,None,198,378,47.6,52.4,-4.8
59,Spokane,Spokane 3248,Lisa Brown,None,84,Nadine Woodward,None,122,206,40.8,59.2,-18.4
60,Spokane,Spokane 3249,Lisa Brown,None,191,Nadine Woodward,None,206,397,48.1,51.9,-3.8
61,Spokane,Spokane 3250,Lisa Brown,None,155,Nadine Woodward,None,314,469,33.0,67.0,-34.0
62,Spokane,Spokane 3251,Lisa Brown,None,206,Nadine Woodward,None,265,471,43.7,56.3,-12.6
63,Spokane,Spokane 3252,Lisa Brown,None,80,Nadine Woodward,None,58,138,58.0,42.0,16.0
64,Spokane,Spokane 3253,Lisa Brown,None,215,Nadine Woodward,None,226,441,48.8,51.2,-2.4
65,Spokane,Spokane 3254,Lisa Brown,None,80,Nadine Woodward,None,98,178,44.9,55.1,-10.2
66,Spokane,Spokane 3255,Lisa Brown,None,168,Nadine Woodward,None,141,309,54.4,45.6,8.8
67,Spokane,Spokane 3256,Lisa Brown,None,155,Nadine Woodward,None,107,262,59.2,40.8,18.4
68,Spokane,Spokane 3300,Lisa Brown,None,96,Nadine Woodward,None,202,298,32.2,67.8,-35.6
69,Spokane,Spokane 3301,Lisa Brown,None,194,Nadine Woodward,None,278,472,41.1,58.9,-17.8
70,Spokane,Spokane 3302,Lisa Brown,None,151,Nadine Woodward,None,203,354,42.7,57.3,-14.6
71,Spokane,Spokane 3303,Lisa Brown,None,171,Nadine Woodward,None,180,351,48.7,51.3,-2.6
72,Spokane,Spokane 3304,Lisa Brown,None,130,Nadine Woodward,None,195,325,40.0,60.0,-20.0
73,Spokane,Spokane 3305,Lisa Brown,None,119,Nadine Woodward,None,130,249,47.8,52.2,-4.4
74,Spokane,Spokane 3306,Lisa Brown,None,142,Nadine Woodward,None,199,341,41.6,58.4,-16.8
75,Spokane,Spokane 3307,Lisa Brown,None,117,Nadine Woodward,None,116,233,50.2,49.8,0.4
76,Spokane,Spokane 3308,Lisa Brown,None,154,Nadine Woodward,None,189,343,44.9,55.1,-10.2
77,Spokane,Spokane 3309,Lisa Brown,None,143,Nadine Woodward,None,148,291,49.1,50.9,-1.8
78,Spokane,Spokane 3310,Lisa Brown,None,178,Nadine Woodward,None,181,359,49.6,50.4,-0.8
79,Spokane,Spokane 3311,Lisa Brown,None,92,Nadine Woodward,None,125,217,42.4,57.6,-15.2
80,Spokane,Spokane 3312,Lisa Brown,None,104,Nadine Woodward,None,111,215,48.4,51.6,-3.2
81,Spokane,Spokane 3313,Lisa Brown,None,88,Nadine Woodward,None,115,203,43.3,56.7,-13.4
82,Spokane,Spokane 3314,Lisa Brown,None,134,Nadine Woodward,None,134,268,50.0,50.0,0.0
83,Spokane,Spokane 3315,Lisa Brown,None,74,Nadine Woodward,None,83,157,47.1,52.9,-5.8
84,Spokane,Spokane 3316,Lisa Brown,None,264,Nadine Woodward,None,191,455,58.0,42.0,16.0
85,Spokane,Spokane 3317,Lisa Brown,None,144,Nadine Woodward,None,96,240,60.0,40.0,20.0
86,Spokane,Spokane 3318,Lisa Brown,None,184,Nadine Woodward,None,123,307,59.9,40.1,19.8
87,Spokane,Spokane 3319,Lisa Brown,None,160,Nadine Woodward,None,112,272,58.8,41.2,17.6
88,Spokane,Spokane 3320,Lisa Brown,None,160,Nadine Woodward,None,132,292,54.8,45.2,9.6
89,Spokane,Spokane 3321,Lisa Brown,None,206,Nadine Woodward,None,141,347,59.4,40.6,18.8
90,Spokane,Spokane 3322,Lisa Brown,None,184,Nadine Woodward,None,118,302,60.9,39.1,21.8
91,Spokane,Spokane 3323,Lisa Brown,None,105,Nadine Woodward,None,83,188,55.9,44.1,11.8
92,Spokane,Spokane 3324,Lisa Brown,None,228,Nadine Woodward,None,128,356,64.0,36.0,28.0
93,Spokane,Spokane 3325,Lisa Brown,None,295,Nadine Woodward,None,170,465,63.4,36.6,26.8
94,Spokane,Spokane 3326,Lisa Brown,None,61,Nadine Woodward,None,61,122,50.0,50.0,0.0
95,Spokane,Spokane 3327,Lisa Brown,None,84,Nadine Woodward,None,44,128,65.6,34.4,31.2
96,Spokane,Spokane 3328,Lisa Brown,None,150,Nadine Woodward,None,74,224,67.0,33.0,34.0
97,Spokane,Spokane 3329,Lisa Brown,None,235,Nadine Woodward,None,117,352,66.8,33.2,33.6
98,Spokane,Spokane 3330,Lisa Brown,None,66,Nadine Woodward,None,49,115,57.4,42.6,14.8
99,Spokane,Spokane 3331,Lisa Brown,None,119,Nadine Woodward,None,71,190,62.6,37.4,25.2
100,Spokane,Spokane 3332,Lisa Brown,None,93,Nadine Woodward,None,207,300,31.0,69.0,-38.0
101,Spokane,Spokane 3333,Lisa Brown,None,161,Nadine Woodward,None,172,333,48.3,51.7,-3.4
102,Spokane,Spokane 3334,Lisa Brown,None,117,Nadine Woodward,None,185,302,38.7,61.3,-22.6
103,Spokane,Spokane 3335,Lisa Brown,None,181,Nadine Woodward,None,176,357,50.7,49.3,1.4
104,Spokane,Spokane 3336,Lisa Brown,None,277,Nadine Woodward,None,118,395,70.1,29.9,40.2
105,Spokane,Spokane 3337,Lisa Brown,None,127,Nadine Woodward,None,199,326,39.0,61.0,-22.0
106,Spokane,Spokane 3338,Lisa Brown,None,157,Nadine Woodward,None,58,215,73.0,27.0,46.0
107,Spokane,Spokane 3339,Lisa Brown,None,104,Nadine Woodward,None,84,188,55.3,44.7,10.6
108,Spokane,Spokane 3340,Lisa Brown,None,111,Nadine Woodward,None,112,223,49.8,50.2,-0.4
109,Spokane,Spokane 3341,Lisa Brown,None,133,Nadine Woodward,None,113,246,54.1,45.9,8.2
110,Spokane,Spokane 3342,Lisa Brown,None,109,Nadine Woodward,None,124,233,46.8,53.2,-6.4
111,Spokane,Spokane 3343,Lisa Brown,None,78,Nadine Woodward,None,62,140,55.7,44.3,11.4
112,Spokane,Spokane 6100,Lisa Brown,None,63,Nadine Woodward,None,101,164,38.4,61.6,-23.2
113,Spokane,Spokane 6101,Lisa Brown,None,45,Nadine Woodward,None,97,142,31.7,68.3,-36.6
114,Spokane,Spokane 6102,Lisa Brown,None,109,Nadine Woodward,None,166,275,39.6,60.4,-20.8
115,Spokane,Spokane 6103,Lisa Brown,None,59,Nadine Woodward,None,64,123,48.0,52.0,-4.0
116,Spokane,Spokane 6104,Lisa Brown,None,48,Nadine Woodward,None,118,166,28.9,71.1,-42.2
117,Spokane,Spokane 6105,Lisa Brown,None,122,Nadine Woodward,None,152,274,44.5,55.5,-11.0
118,Spokane,Spokane 6106,Lisa Brown,None,62,Nadine Woodward,None,87,149,41.6,58.4,-16.8
119,Spokane,Spokane 6107,Lisa Brown,None,83,Nadine Woodward,None,100,183,45.4,54.6,-9.2
120,Spokane,Spokane 6108,Lisa Brown,None,116,Nadine Woodward,None,161,277,41.9,58.1,-16.2
121,Spokane,Spokane 6109,Lisa Brown,None,61,Nadine Woodward,None,115,176,34.7,65.3,-30.6
122,Spokane,Spokane 6110,Lisa Brown,None,99,Nadine Woodward,None,179,278,35.6,64.4,-28.8
123,Spokane,Spokane 6111,Lisa Brown,None,63,Nadine Woodward,None,114,177,35.6,64.4,-28.8
124,Spokane,Spokane 6112,Lisa Brown,None,75,Nadine Woodward,None,98,173,43.4,56.6,-13.2
125,Spokane,Spokane 6113,Lisa Brown,None,140,Nadine Woodward,None,169,309,45.3,54.7,-9.4
126,Spokane,Spokane 6114,Lisa Brown,None,100,Nadine Woodward,None,137,237,42.2,57.8,-15.6
127,Spokane,Spokane 6115,Lisa Brown,None,141,Nadine Woodward,None,133,274,51.5,48.5,3.0
128,Spokane,Spokane 6116,Lisa Brown,None,127,Nadine Woodward,None,135,262,48.5,51.5,-3.0
129,Spokane,Spokane 6117,Lisa Brown,None,75,Nadine Woodward,None,111,186,40.3,59.7,-19.4
130,Spokane,Spokane 6118,Lisa Brown,None,123,Nadine Woodward,None,156,279,44.1,55.9,-11.8
131,Spokane,Spokane 6119,Lisa Brown,None,87,Nadine Woodward,None,151,238,36.6,63.4,-26.8
132,Spokane,Spokane 6120,Lisa Brown,None,87,Nadine Woodward,None,155,242,36.0,64.0,-28.0
133,Spokane,Spokane 6121,Lisa Brown,None,101,Nadine Woodward,None,137,238,42.4,57.6,-15.2
134,Spokane,Spokane 6122,Lisa Brown,None,94,Nadine Woodward,None,130,224,42.0,58.0,-16.0
135,Spokane,Spokane 6123,Lisa Brown,None,66,Nadine Woodward,None,75,141,46.8,53.2,-6.4
136,Spokane,Spokane 6124,Lisa Brown,None,130,Nadine Woodward,None,136,266,48.9,51.1,-2.2
137,Spokane,Spokane 6125,Lisa Brown,None,62,Nadine Woodward,None,75,137,45.3,54.7,-9.4
138,Spokane,Spokane 6126,Lisa Brown,None,48,Nadine Woodward,None,67,115,41.7,58.3,-16.6
139,Spokane,Spokane 6127,Lisa Brown,None,105,Nadine Woodward,None,117,222,47.3,52.7,-5.4
140,Spokane,Spokane 6128,Lisa Brown,None,107,Nadine Woodward,None,128,235,45.5,54.5,-9.0
141,Spokane,Spokane 6129,Lisa Brown,None,144,Nadine Woodward,None,139,283,50.9,49.1,1.8
142,Spokane,Spokane 6130,Lisa Brown,None,68,Nadine Woodward,None,97,165,41.2,58.8,-17.6
143,Spokane,Spokane 6131,Lisa Brown,None,91,Nadine Woodward,None,126,217,41.9,58.1,-16.2
144,Spokane,Spokane 6132,Lisa Brown,None,35,Nadine Woodward,None,52,87,40.2,59.8,-19.6
145,Spokane,Spokane 6200,Lisa Brown,None,95,Nadine Woodward,None,92,187,50.8,49.2,1.6
146,Spokane,Spokane 6300,Lisa Brown,None,169,Nadine Woodward,None,363,532,31.8,68.2,-36.4
147,Spokane,Spokane 6301,Lisa Brown,None,92,Nadine Woodward,None,119,211,43.6,56.4,-12.8
148,Spokane,Spokane 6302,Lisa Brown,None,121,Nadine Woodward,None,189,310,39.0,61.0,-22.0
149,Spokane,Spokane 6303,Lisa Brown,None,86,Nadine Woodward,None,131,217,39.6,60.4,-20.8
150,Spokane,Spokane 6304,Lisa Brown,None,92,Nadine Woodward,None,147,239,38.5,61.5,-23.0
151,Spokane,Spokane 6305,Lisa Brown,None,105,Nadine Woodward,None,132,237,44.3,55.7,-11.4
152,Spokane,Spokane 6306,Lisa Brown,None,105,Nadine Woodward,None,191,296,35.5,64.5,-29.0
153,Spokane,Spokane 6307,Lisa Brown,None,109,Nadine Woodward,None,158,267,40.8,59.2,-18.4
154,Spokane,Spokane 6308,Lisa Brown,None,70,Nadine Woodward,None,144,214,32.7,67.3,-34.6
155,Spokane,Spokane 6309,Lisa Brown,None,109,Nadine Woodward,None,186,295,36.9,63.1,-26.2
156,Spokane,Spokane 6310,Lisa Brown,None,76,Nadine Woodward,None,130,206,36.9,63.1,-26.2
157,Spokane,Spokane 6311,Lisa Brown,None,116,Nadine Woodward,None,186,302,38.4,61.6,-23.2
158,Spokane,Spokane 6312,Lisa Brown,None,94,Nadine Woodward,None,163,257,36.6,63.4,-26.8
159,Spokane,Spokane 6313,Lisa Brown,None,67,Nadine Woodward,None,107,174,38.5,61.5,-23.0
160,Spokane,Spokane 6314,Lisa Brown,None,160,Nadine Woodward,None,173,333,48.0,52.0,-4.0
161,Spokane,Spokane 6315,Lisa Brown,None,139,Nadine Woodward,None,198,337,41.2,58.8,-17.6
162,Spokane,Spokane 6316,Lisa Brown,None,90,Nadine Woodward,None,147,237,38.0,62.0,-24.0
163,,Spokane 4001,Yes,Yes,76,No,No,79,155,49.0,51.0,-2.0
164,,Spokane 4002,Yes,Yes,97,No,No,160,257,37.7,62.3,-24.6
165,,Spokane 4003,Yes,Yes,54,No,No,100,154,35.1,64.9,-29.8
166,,Spokane 4004,Yes,Yes,98,No,No,212,310,31.6,68.4,-36.8
167,,Spokane 4005,Yes,Yes,79,No,No,152,231,34.2,65.8,-31.6
168,,Spokane 4006,Yes,Yes,145,No,No,248,393,36.9,63.1,-26.2
169,,Spokane 4007,Yes,Yes,94,No,No,181,275,34.2,65.8,-31.6
170,,Spokane 4008,Yes,Yes,80,No,No,111,191,41.9,58.1,-16.2
171,,Spokane 4009,Yes,Yes,93,No,No,130,223,41.7,58.3,-16.6
172,,Spokane 4010,Yes,Yes,95,No,No,132,227,41.9,58.1,-16.2
173,,Spokane 4011,Yes,Yes,78,No,No,120,198,39.4,60.6,-21.2
174,,Spokane 4012,Yes,Yes,70,No,No,128,198,35.4,64.6,-29.2
175,,Spokane 4013,Yes,Yes,81,No,No,196,277,29.2,70.8,-41.6
176,,Spokane 4014,Yes,Yes,40,No,No,82,122,32.8,67.2,-34.4
177,,Spokane 4015,Yes,Yes,76,No,No,120,196,38.8,61.2,-22.4
178,,Spokane 4016,Yes,Yes,134,No,No,189,323,41.5,58.5,-17.0
179,,Spokane 4017,Yes,Yes,67,No,No,160,227,29.5,70.5,-41.0
180,,Spokane 4018,Yes,Yes,55,No,No,99,154,35.7,64.3,-28.6
181,,Spokane 4019,Yes,Yes,54,No,No,122,176,30.7,69.3,-38.6
182,,Spokane 4020,Yes,Yes,94,No,No,158,252,37.3,62.7,-25.4
183,,Spokane 4021,Yes,Yes,77,No,No,154,231,33.3,66.7,-33.4
184,,Spokane 4022,Yes,Yes,55,No,No,149,204,27.0,73.0,-46.0
185,,Spokane 4023,Yes,Yes,45,No,No,91,136,33.1,66.9,-33.8
186,,Spokane 4024,Yes,Yes,59,No,No,94,153,38.6,61.4,-22.8
187,,Spokane 4025,Yes,Yes,41,No,No,123,164,25.0,75.0,-50.0
188,,Spokane 4026,Yes,Yes,96,No,No,173,269,35.7,64.3,-28.6
189,,Spokane 4027,Yes,Yes,68,No,No,136,204,33.3,66.7,-33.4
190,,Spokane 4028,Yes,Yes,33,No,No,73,106,31.1,68.9,-37.8
191,,Spokane 4029,Yes,Yes,46,No,No,93,139,33.1,66.9,-33.8
192,,Spokane 4030,Yes,Yes,68,No,No,123,191,35.6,64.4,-28.8
193,,Spokane 4031,Yes,Yes,43,No,No,106,149,28.9,71.1,-42.2
194,,Spokane 4032,Yes,Yes,44,No,No,102,146,30.1,69.9,-39.8
195,,Spokane 4033,Yes,Yes,43,No,No,82,125,34.4,65.6,-31.2
196,,Spokane 4034,Yes,Yes,46,No,No,55,101,45.5,54.5,-9.0
197,,Spokane 4035,Yes,Yes,54,No,No,166,220,24.5,75.5,-51.0
198,,Spokane 4036,Yes,Yes,114,No,No,215,329,34.7,65.3,-30.6
199,,Spokane 4037,Yes,Yes,94,No,No,151,245,38.4,61.6,-23.2
200,,Spokane 4200,Yes,Yes,66,No,No,105,171,38.6,61.4,-22.8
201,,Spokane 4201,Yes,Yes,53,No,No,81,134,39.6,60.4,-20.8
202,,Spokane 4300,Yes,Yes,75,No,No,111,186,40.3,59.7,-19.4
203,,Spokane 4301,Yes,Yes,47,No,No,60,107,43.9,56.1,-12.2
204,,Spokane 4302,Yes,Yes,93,No,No,140,233,39.9,60.1,-20.2
205,,Spokane 4303,Yes,Yes,106,No,No,171,277,38.3,61.7,-23.4
206,,Spokane 4304,Yes,Yes,57,No,No,112,169,33.7,66.3,-32.6
207,,Spokane 4305,Yes,Yes,56,No,No,75,131,42.7,57.3,-14.6
208,,Spokane 4306,Yes,Yes,101,No,No,155,256,39.5,60.5,-21.0
209,,Spokane 4307,Yes,Yes,101,No,No,115,216,46.8,53.2,-6.4
210,,Spokane 4308,Yes,Yes,69,No,No,123,192,35.9,64.1,-28.2
211,,Spokane 4309,Yes,Yes,60,No,No,102,162,37.0,63.0,-26.0
212,,Spokane 4310,Yes,Yes,85,No,No,113,198,42.9,57.1,-14.2
213,,Spokane 4400,Yes,Yes,0,No,No,0,0,,,
214,,Spokane 4401,Yes,Yes,50,No,No,122,172,29.1,70.9,-41.8
215,,Spokane 4402,Yes,Yes,50,No,No,88,138,36.2,63.8,-27.6
216,,Spokane 4403,Yes,Yes,24,No,No,64,88,27.3,72.7,-45.4
217,,Spokane 4404,Yes,Yes,36,No,No,76,112,32.1,67.9,-35.8
218,,Spokane 4405,Yes,Yes,47,No,No,89,136,34.6,65.4,-30.8
219,,Spokane 4406,Yes,Yes,45,No,No,85,130,34.6,65.4,-30.8
220,,Spokane 4407,Yes,Yes,34,No,No,87,121,28.1,71.9,-43.8
221,,Spokane 4408,Yes,Yes,103,No,No,181,284,36.3,63.7,-27.4
222,,Spokane 4409,Yes,Yes,66,No,No,89,155,42.6,57.4,-14.8
223,,Spokane 4410,Yes,Yes,129,No,No,133,262,49.2,50.8,-1.6
224,,Spokane 4411,Yes,Yes,75,No,No,136,211,35.5,64.5,-29.0
225,,Spokane 4412,Yes,Yes,59,No,No,113,172,34.3,65.7,-31.4
226,,Spokane 4413,Yes,Yes,50,No,No,85,135,37.0,63.0,-26.0
227,,Spokane 4414,Yes,Yes,44,No,No,74,118,37.3,62.7,-25.4
228,,Spokane 4415,Yes,Yes,61,No,No,112,173,35.3,64.7,-29.4
229,,Spokane 4416,Yes,Yes,35,No,No,46,81,43.2,56.8,-13.6
230,,Spokane 4417,Yes,Yes,40,No,No,46,86,46.5,53.5,-7.0
231,,Spokane 4418,Yes,Yes,33,No,No,59,92,35.9,64.1,-28.2
232,,Spokane 4419,Yes,Yes,33,No,No,59,92,35.9,64.1,-28.2
233,,Spokane 4420,Yes,Yes,47,No,No,62,109,43.1,56.9,-13.8
234,,Spokane 4421,Yes,Yes,70,No,No,86,156,44.9,55.1,-10.2
235,,Spokane 4422,Yes,Yes,18,No,No,42,60,30.0,70.0,-40.0
236,,Spokane 4423,Yes,Yes,51,No,No,117,168,30.4,69.6,-39.2
237,,Spokane 4424,Yes,Yes,73,No,No,134,207,35.3,64.7,-29.4
238,,Spokane 4425,Yes,Yes,55,No,No,101,156,35.3,64.7,-29.4
239,,Spokane 4426,Yes,Yes,45,No,No,85,130,34.6,65.4,-30.8
240,,Spokane 4427,Yes,Yes,46,No,No,94,140,32.9,67.1,-34.2
241,,Spokane 4428,Yes,Yes,64,No,No,126,190,33.7,66.3,-32.6
242,,Spokane 4429,Yes,Yes,41,No,No,96,137,29.9,70.1,-40.2
243,,Spokane 4430,Yes,Yes,30,No,No,40,70,42.9,57.1,-14.2
244,,Spokane 4431,Yes,Yes,34,No,No,60,94,36.2,63.8,-27.6
245,,Spokane 4432,Yes,Yes,44,No,No,59,103,42.7,57.3,-14.6
246,,Spokane 4433,Yes,Yes,24,No,No,31,55,43.6,56.4,-12.8
247,,Spokane 4434,Yes,Yes,58,No,No,110,168,34.5,65.5,-31.0
248,,Spokane 4435,Yes,Yes,98,No,No,145,243,40.3,59.7,-19.4
249,,Spokane 4436,Yes,Yes,74,No,No,114,188,39.4,60.6,-21.2
250,,Spokane 4437,Yes,Yes,28,No,No,80,108,25.9,74.1,-48.2
251,,Spokane 4438,Yes,Yes,57,No,No,126,183,31.1,68.9,-37.8
252,,Spokane 4439,Yes,Yes,46,No,No,88,134,34.3,65.7,-31.4
253,,Spokane 4440,Yes,Yes,53,No,No,92,145,36.6,63.4,-26.8
254,,Spokane 4441,Yes,Yes,58,No,No,122,180,32.2,67.8,-35.6
255,,Spokane 4442,Yes,Yes,48,No,No,77,125,38.4,61.6,-23.2
256,,Spokane 4443,Yes,Yes,64,No,No,93,157,40.8,59.2,-18.4
257,,Spokane 4444,Yes,Yes,137,No,No,161,298,46.0,54.0,-8.0
258,,Spokane 4445,Yes,Yes,70,No,No,113,183,38.3,61.7,-23.4
259,,Spokane 4446,Yes,Yes,27,No,No,47,74,36.5,63.5,-27.0
260,,Spokane 4447,Yes,Yes,73,No,No,64,137,53.3,46.7,6.6
261,,Spokane 4448,Yes,Yes,61,No,No,103,164,37.2,62.8,-25.6
262,,Spokane 4449,Yes,Yes,34,No,No,79,113,30.1,69.9,-39.8
263,,Spokane 4450,Yes,Yes,49,No,No,62,111,44.1,55.9,-11.8
264,,Spokane 4451,Yes,Yes,58,No,No,114,172,33.7,66.3,-32.6
265,,Spokane 4452,Yes,Yes,36,No,No,77,113,31.9,68.1,-36.2
266,,Spokane 4453,Yes,Yes,98,No,No,159,257,38.1,61.9,-23.8
267,,Spokane 4454,Yes,Yes,88,No,No,159,247,35.6,64.4,-28.8
268,,Spokane 4455,Yes,Yes,99,No,No,115,214,46.3,53.7,-7.4
269,,Spokane 4456,Yes,Yes,39,No,No,66,105,37.1,62.9,-25.8
270,,Spokane 4457,Yes,Yes,21,No,No,46,67,31.3,68.7,-37.4
271,,Spokane 4458,Yes,Yes,70,No,No,73,143,49.0,51.0,-2.0
272,,Spokane 4459,Yes,Yes,55,No,No,95,150,36.7,63.3,-26.6
273,,Spokane 4460,Yes,Yes,58,No,No,121,179,32.4,67.6,-35.2
274,,Spokane 4461,Yes,Yes,29,No,No,39,68,42.6,57.4,-14.8
275,,Spokane 4462,Yes,Yes,28,No,No,45,73,38.4,61.6,-23.2
276,,Spokane 4463,Yes,Yes,33,No,No,63,96,34.4,65.6,-31.2
277,,Spokane 4464,Yes,Yes,54,No,No,94,148,36.5,63.5,-27.0
278,,Spokane 4465,Yes,Yes,62,No,No,126,188,33.0,67.0,-34.0
279,,Spokane 4466,Yes,Yes,39,No,No,96,135,28.9,71.1,-42.2
280,,Spokane 4467,Yes,Yes,49,No,No,87,136,36.0,64.0,-28.0
281,,Spokane 4468,Yes,Yes,52,No,No,78,130,40.0,60.0,-20.0
282,,Spokane 4469,Yes,Yes,67,No,No,81,148,45.3,54.7,-9.4
283,,Spokane 4470,Yes,Yes,34,No,No,96,130,26.2,73.8,-47.6
284,,Spokane 4471,Yes,Yes,45,No,No,98,143,31.5,68.5,-37.0
285,,Spokane 4472,Yes,Yes,29,No,No,77,106,27.4,72.6,-45.2
286,,Spokane 4473,Yes,Yes,73,No,No,102,175,41.7,58.3,-16.6
287,,Spokane 4474,Yes,Yes,49,No,No,100,149,32.9,67.1,-34.2
288,,Spokane 4475,Yes,Yes,55,No,No,65,120,45.8,54.2,-8.4
289,,Spokane 4476,Yes,Yes,27,No,No,37,64,42.2,57.8,-15.6
290,,Spokane 4477,Yes,Yes,15,No,No,46,61,24.6,75.4,-50.8
291,,Spokane 4478,Yes,Yes,47,No,No,53,100,47.0,53.0,-6.0
292,,Spokane 4479,Yes,Yes,21,No,No,26,47,44.7,55.3,-10.6
293,,Spokane 4480,Yes,Yes,29,No,No,48,77,37.7,62.3,-24.6
294,,Spokane 4481,Yes,Yes,56,No,No,96,152,36.8,63.2,-26.4
295,,Spokane 4482,Yes,Yes,65,No,No,105,170,38.2,61.8,-23.6
296,,Spokane 4483,Yes,Yes,79,No,No,98,177,44.6,55.4,-10.8
297,,Spokane 4484,Yes,Yes,44,No,No,71,115,38.3,61.7,-23.4
298,,Spokane 4485,Yes,Yes,37,No,No,76,113,32.7,67.3,-34.6
299,,Spokane 4486,Yes,Yes,34,No,No,50,84,40.5,59.5,-19.0
300,,Spokane 4487,Yes,Yes,46,No,No,73,119,38.7,61.3,-22.6
301,,Spokane 4488,Yes,Yes,33,No,No,71,104,31.7,68.3,-36.6
302,,Spokane 4489,Yes,Yes,60,No,No,103,163,36.8,63.2,-26.4
303,,Spokane 4490,Yes,Yes,6,No,No,21,27,22.2,77.8,-55.6
304,,Spokane 6000,Yes,Yes,93,No,No,135,228,40.8,59.2,-18.4
305,,Spokane 6001,Yes,Yes,96,No,No,156,252,38.1,61.9,-23.8
306,,Spokane 6002,Yes,Yes,73,No,No,97,170,42.9,57.1,-14.2
307,,Spokane 6003,Yes,Yes,91,No,No,89,180,50.6,49.4,1.2
308,,Spokane 6004,Yes,Yes,72,No,No,86,158,45.6,54.4,-8.8
309,,Spokane 6005,Yes,Yes,71,No,No,149,220,32.3,67.7,-35.4
310,,Spokane 6006,Yes,Yes,89,No,No,165,254,35.0,65.0,-30.0
311,,Spokane 6007,Yes,Yes,81,No,No,110,191,42.4,57.6,-15.2
312,,Spokane 6008,Yes,Yes,79,No,No,91,170,46.5,53.5,-7.0
313,,Spokane 6009,Yes,Yes,59,No,No,128,187,31.6,68.4,-36.8
314,,Spokane 6010,Yes,Yes,42,No,No,78,120,35.0,65.0,-30.0
315,,Spokane 6011,Yes,Yes,79,No,No,158,237,33.3,66.7,-33.4
316,,Spokane 6012,Yes,Yes,51,No,No,71,122,41.8,58.2,-16.4
317,,Spokane 6013,Yes,Yes,63,No,No,99,162,38.9,61.1,-22.2
318,,Spokane 6014,Yes,Yes,90,No,No,87,177,50.8,49.2,1.6
319,,Spokane 6015,Yes,Yes,39,No,No,72,111,35.1,64.9,-29.8
320,,Spokane 6016,Yes,Yes,72,No,No,157,229,31.4,68.6,-37.2
321,,Spokane 6017,Yes,Yes,75,No,No,112,187,40.1,59.9,-19.8
322,,Spokane 6018,Yes,Yes,92,No,No,139,231,39.8,60.2,-20.4
323,,Spokane 6019,Yes,Yes,50,No,No,106,156,32.1,67.9,-35.8
324,,Spokane 6020,Yes,Yes,65,No,No,103,168,38.7,61.3,-22.6
325,,Spokane 6021,Yes,Yes,98,No,No,184,282,34.8,65.2,-30.4
326,,Spokane 6022,Yes,Yes,72,No,No,137,209,34.4,65.6,-31.2
327,,Spokane 6023,Yes,Yes,53,No,No,162,215,24.7,75.3,-50.6
328,,Spokane 6024,Yes,Yes,40,No,No,96,136,29.4,70.6,-41.2
329,,Spokane 6025,Yes,Yes,86,No,No,164,250,34.4,65.6,-31.2
330,,Spokane 6026,Yes,Yes,66,No,No,124,190,34.7,65.3,-30.6
331,,Spokane 6027,Yes,Yes,49,No,No,93,142,34.5,65.5,-31.0
332,,Spokane 6028,Yes,Yes,40,No,No,90,130,30.8,69.2,-38.4
333,,Spokane 6029,Yes,Yes,70,No,No,153,223,31.4,68.6,-37.2
334,,Spokane 6030,Yes,Yes,42,No,No,119,161,26.1,73.9,-47.8
335,,Spokane 6031,Yes,Yes,43,No,No,75,118,36.4,63.6,-27.2
336,,Spokane 6032,Yes,Yes,56,No,No,114,170,32.9,67.1,-34.2
337,,Spokane 6033,Yes,Yes,90,No,No,130,220,40.9,59.1,-18.2
338,,Spokane 6034,Yes,Yes,109,No,No,174,283,38.5,61.5,-23.0
339,,Spokane 6035,Yes,Yes,100,No,No,143,243,41.2,58.8,-17.6
340,,Spokane 6036,Yes,Yes,65,No,No,84,149,43.6,56.4,-12.8
341,,Spokane 6037,Yes,Yes,56,No,No,77,133,42.1,57.9,-15.8
342,,Spokane 6038,Yes,Yes,116,No,No,125,241,48.1,51.9,-3.8
343,,Spokane 6039,Yes,Yes,69,No,No,104,173,39.9,60.1,-20.2
344,,Spokane 6040,Yes,Yes,52,No,No,88,140,37.1,62.9,-25.8
345,,Spokane 6041,Yes,Yes,120,No,No,194,314,38.2,61.8,-23.6
346,,Spokane 6042,Yes,Yes,114,No,No,153,267,42.7,57.3,-14.6
347,,Spokane 6043,Yes,Yes,53,No,No,100,153,34.6,65.4,-30.8
348,,Spokane 6044,Yes,Yes,70,No,No,127,197,35.5,64.5,-29.0
349,,Spokane 6045,Yes,Yes,90,No,No,106,196,45.9,54.1,-8.2
350,,Spokane 6046,Yes,Yes,48,No,No,106,154,31.2,68.8,-37.6
351,,Spokane 6047,Yes,Yes,82,No,No,106,188,43.6,56.4,-12.8
352,,Spokane 6048,Yes,Yes,73,No,No,103,176,41.5,58.5,-17.0
353,,Spokane 6049,Yes,Yes,115,No,No,179,294,39.1,60.9,-21.8
354,,Spokane 6050,Yes,Yes,90,No,No,103,193,46.6,53.4,-6.8
355,,Spokane 6051,Yes,Yes,33,No,No,38,71,46.5,53.5,-7.0
356,,Spokane 6052,Yes,Yes,117,No,No,149,266,44.0,56.0,-12.0
357,,Spokane 6053,Yes,Yes,60,No,No,110,170,35.3,64.7,-29.4
358,,Spokane 6054,Yes,Yes,85,No,No,133,218,39.0,61.0,-22.0
359,,Spokane 6055,Yes,Yes,46,No,No,100,146,31.5,68.5,-37.0
360,,Spokane 6056,Yes,Yes,0,No,No,2,2,0.0,100.0,-100.0
361,,Spokane 6057,Yes,Yes,43,No,No,88,131,32.8,67.2,-34.4
362,,Spokane 6058,Yes,Yes,148,No,No,167,315,47.0,53.0,-6.0
363,,Spokane 6059,Yes,Yes,77,No,No,124,201,38.3,61.7,-23.4
364,,Spokane 6060,Yes,Yes,104,No,No,148,252,41.3,58.7,-17.4
365,,Spokane 6061,Yes,Yes,29,No,No,35,64,45.3,54.7,-9.4
366,,Spokane 6062,Yes,Yes,105,No,No,123,228,46.1,53.9,-7.8
367,,Spokane 6063,Yes,Yes,49,No,No,71,120,40.8,59.2,-18.4
368,,Spokane 6064,Yes,Yes,73,No,No,135,208,35.1,64.9,-29.8
369,,Spokane 6400,Yes,Yes,45,No,No,52,97,46.4,53.6,-7.2
370,,Spokane 6401,Yes,Yes,30,No,No,18,48,62.5,37.5,25.0
371,,Spokane 6402,Yes,Yes,43,No,No,54,97,44.3,55.7,-11.4
372,,Spokane 6403,Yes,Yes,55,No,No,55,110,50.0,50.0,0.0
373,,Spokane 6404,Yes,Yes,16,No,No,25,41,39.0,61.0,-22.0
374,,Spokane 6405,Yes,Yes,17,No,No,36,53,32.1,67.9,-35.8
375,,Spokane 6500,Yes,Yes,16,No,No,14,30,53.3,46.7,6.6
376,,Spokane 6600,Yes,Yes,88,No,No,114,202,43.6,56.4,-12.8
377,,Spokane 6601,Yes,Yes,74,No,No,81,155,47.7,52.3,-4.6
378,,Spokane 6602,Yes,Yes,63,No,No,86,149,42.3,57.7,-15.4
379,,Spokane 7000,Yes,Yes,47,No,No,78,125,37.6,62.4,-24.8
380,,Spokane 7001,Yes,Yes,61,No,No,99,160,38.1,61.9,-23.8
381,,Spokane 7002,Yes,Yes,58,No,No,149,207,28.0,72.0,-44.0
382,,Spokane 7003,Yes,Yes,38,No,No,72,110,34.5,65.5,-31.0
383,,Spokane 7004,Yes,Yes,42,No,No,79,121,34.7,65.3,-30.6
384,,Spokane 7300,Yes,Yes,118,No,No,165,283,41.7,58.3,-16.6
385,,Spokane 7301,Yes,Yes,80,No,No,112,192,41.7,58.3,-16.6
386,,Spokane 7302,Yes,Yes,71,No,No,119,190,37.4,62.6,-25.2
387,,Spokane 9000,Yes,Yes,69,No,No,152,221,31.2,68.8,-37.6
388,,Spokane 9001,Yes,Yes,42,No,No,132,174,24.1,75.9,-51.8
389,,Spokane 9002,Yes,Yes,64,No,No,140,204,31.4,68.6,-37.2
390,,Spokane 9003,Yes,Yes,38,No,No,93,131,29.0,71.0,-42.0
391,,Spokane 9004,Yes,Yes,96,No,No,178,274,35.0,65.0,-30.0
392,,Spokane 9005,Yes,Yes,56,No,No,100,156,35.9,64.1,-28.2
393,,Spokane 9006,Yes,Yes,70,No,No,146,216,32.4,67.6,-35.2
394,,Spokane 9007,Yes,Yes,38,No,No,67,105,36.2,63.8,-27.6
395,,Spokane 9008,Yes,Yes,52,No,No,108,160,32.5,67.5,-35.0
396,,Spokane 9009,Yes,Yes,87,No,No,136,223,39.0,61.0,-22.0
397,,Spokane 9010,Yes,Yes,36,No,No,64,100,36.0,64.0,-28.0
398,,Spokane 9011,Yes,Yes,95,No,No,131,226,42.0,58.0,-16.0
399,,Spokane 9012,Yes,Yes,86,No,No,131,217,39.6,60.4,-20.8
400,,Spokane 9013,Yes,Yes,59,No,No,123,182,32.4,67.6,-35.2
401,,Spokane 9014,Yes,Yes,60,No,No,139,199,30.2,69.8,-39.6
402,,Spokane 9015,Yes,Yes,79,No,No,130,209,37.8,62.2,-24.4
403,,Spokane 9016,Yes,Yes,140,No,No,222,362,38.7,61.3,-22.6
404,,Spokane 9017,Yes,Yes,49,No,No,89,138,35.5,64.5,-29.0
405,,Spokane 9018,Yes,Yes,57,No,No,90,147,38.8,61.2,-22.4
406,,Spokane 9019,Yes,Yes,50,No,No,54,104,48.1,51.9,-3.8
407,,Spokane 9020,Yes,Yes,104,No,No,140,244,42.6,57.4,-14.8
408,,Spokane 9021,Yes,Yes,52,No,No,73,125,41.6,58.4,-16.8
409,,Spokane 9022,Yes,Yes,44,No,No,59,103,42.7,57.3,-14.6
410,,Spokane 9023,Yes,Yes,74,No,No,151,225,32.9,67.1,-34.2
411,,Spokane 9024,Yes,Yes,56,No,No,120,176,31.8,68.2,-36.4
412,,Spokane 9025,Yes,Yes,34,No,No,30,64,53.1,46.9,6.2
413,,Spokane 9026,Yes,Yes,72,No,No,114,186,38.7,61.3,-22.6
414,,Spokane 9027,Yes,Yes,135,No,No,163,298,45.3,54.7,-9.4
415,,Spokane 9028,Yes,Yes,104,No,No,167,271,38.4,61.6,-23.2
416,,Spokane 9029,Yes,Yes,80,No,No,144,224,35.7,64.3,-28.6
417,,Spokane 9030,Yes,Yes,44,No,No,73,117,37.6,62.4,-24.8
418,,Spokane 9031,Yes,Yes,38,No,No,52,90,42.2,57.8,-15.6
419,,Spokane 9032,Yes,Yes,96,No,No,130,226,42.5,57.5,-15.0
420,,Spokane 9033,Yes,Yes,69,No,No,100,169,40.8,59.2,-18.4
421,,Spokane 9034,Yes,Yes,89,No,No,124,213,41.8,58.2,-16.4
422,,Spokane 9035,Yes,Yes,97,No,No,135,232,41.8,58.2,-16.4
423,,Spokane 9036,Yes,Yes,97,No,No,182,279,34.8,65.2,-30.4
424,,Spokane 9037,Yes,Yes,29,No,No,48,77,37.7,62.3,-24.6
425,,Spokane 9038,Yes,Yes,66,No,No,126,192,34.4,65.6,-31.2
426,,Spokane 9039,Yes,Yes,63,No,No,128,191,33.0,67.0,-34.0
427,,Spokane 9040,Yes,Yes,102,No,No,122,224,45.5,54.5,-9.0
428,,Spokane 9041,Yes,Yes,119,No,No,188,307,38.8,61.2,-22.4
429,,Spokane 9042,Yes,Yes,77,No,No,125,202,38.1,61.9,-23.8
430,,Spokane 9043,Yes,Yes,115,No,No,121,236,48.7,51.3,-2.6
431,,Spokane 9044,Yes,Yes,88,No,No,120,208,42.3,57.7,-15.4
432,,Spokane 9045,Yes,Yes,50,No,No,96,146,34.2,65.8,-31.6
433,,Spokane 9046,Yes,Yes,40,No,No,105,145,27.6,72.4,-44.8
434,,Spokane 9047,Yes,Yes,32,No,No,100,132,24.2,75.8,-51.6
435,,Spokane 9048,Yes,Yes,17,No,No,61,78,21.8,78.2,-56.4
436,,Spokane 9200,Yes,Yes,30,No,No,67,97,30.9,69.1,-38.2
437,,Spokane 9201,Yes,Yes,27,No,No,48,75,36.0,64.0,-28.0
438,,Spokane 9202,Yes,Yes,47,No,No,59,106,44.3,55.7,-11.4
439,,Spokane 9203,Yes,Yes,73,No,No,112,185,39.5,60.5,-21.0
440,,Spokane 9204,Yes,Yes,21,No,No,45,66,31.8,68.2,-36.4
441,,Spokane 9205,Yes,Yes,29,No,No,39,68,42.6,57.4,-14.8
442,,Spokane 9206,Yes,Yes,21,No,No,32,53,39.6,60.4,-20.8
443,,Spokane 9207,Yes,Yes,22,No,No,36,58,37.9,62.1,-24.2
444,,Spokane 9208,Yes,Yes,40,No,No,73,113,35.4,64.6,-29.2
445,,Spokane 9209,Yes,Yes,15,No,No,21,36,41.7,58.3,-16.6
446,,Spokane 9300,Yes,Yes,18,No,No,24,42,42.9,57.1,-14.2
447,,Spokane 9400,Yes,Yes,5,No,No,18,23,21.7,78.3,-56.6
448,,Spokane 9500,Yes,Yes,41,No,No,72,113,36.3,63.7,-27.4
449,,Spokane 9600,Yes,Yes,9,No,No,21,30,30.0,70.0,-40.0
450,,Spokane 9700,Yes,Yes,27,No,No,46,73,37.0,63.0,-26.0
